S.no,State/UT,Number of Primary Health Centers(PHCs),Community Health Centers(CHCs),Sub-District/Divisional Hospitals(SDHs),District Hospitals(DHs),Hospitals,HospitalBeds,Population,bedsper10k,Required,gap,avg beds,new hospitals
29,West Bengal,1374,406,70,55,1905,51163,91276115,5.605299919,273828.345,222665.345,26.85721785,8291
14,Uttarakhand,275,69,19,20,383,6660,10086292,6.603021209,30258.876,23598.876,17.38903394,1357
32,Uttar Pradesh,3277,671,,174,4122,58310,199812341,2.918238168,599437.023,541127.023,14.14604561,38253
13,Tripura,114,22,12,9,157,4895,3673917,13.32365429,11021.751,6126.751,31.17834395,197
22,Telangana,788,82,47,15,932,17358,35193978,4.93209378,105581.934,88223.934,18.62446352,4737
35,Tamil Nadu,1854,385,310,32,2581,72616,72147030,10.06500198,216441.09,143825.09,28.13483146,5112
3,Sikkim,25,2,1,4,32,1145,610577,18.75275354,1831.731,686.731,35.78125,19
30,Rajasthan,2463,579,64,33,3139,51844,68548437,7.5631192,205645.311,153801.311,16.51608793,9312
18,Punjab,521,146,47,28,742,13527,27743338,4.87576513,83230.014,69703.014,18.23045822,3823
11,Pondicherry,40,4,5,4,53,4462,1247953,35.75455165,3743.859,-718.141,84.18867925,-9
21,Orissa,1360,377,27,35,1799,16497,41974218,3.930269767,125922.654,109425.654,9.170094497,11933
5,Nagaland,134,21,,11,166,1944,1978502,9.825615541,5935.506,3991.506,11.71084337,341
6,Mizoram,65,10,3,9,87,2312,1097206,21.07170395,3291.618,979.618,26.57471264,37
12,Meghalaya,138,29,,13,180,4585,2966889,15.45389801,8900.667,4315.667,25.47222222,169
8,Manipur,87,17,1,9,114,2562,2855794,8.97123532,8567.382,6005.382,22.47368421,267
34,Maharashtra,2638,430,101,70,3239,68998,112374333,6.140014197,337122.999,268124.999,21.30225378,12587
26,Madhya Pradesh,1420,324,72,51,1867,38140,72626809,5.251504303,217880.427,179740.427,20.42849491,8799
0,Lakshadweep,4,3,2,1,10,250,64473,38.7759217,193.419,-56.581,25,-2
27,Kerala,933,229,82,53,1297,39511,33406061,11.82749442,100218.183,60707.183,30.46337702,1993
31,Karnataka,2547,207,147,42,2943,56333,61140305,9.213725708,183420.915,127087.915,19.14135236,6639
15,Jharkhand,343,179,13,23,558,7404,32988134,2.244443411,98964.402,91560.402,13.2688172,6900
17,Jammu and Kashmir,702,87,,29,818,11342,12267013,9.245934605,36801.039,25459.039,13.86552567,1836
16,Himachal Pradesh,516,79,61,15,671,8706,6864602,12.68245413,20593.806,11887.806,12.97466468,916
19,Haryana,500,131,24,28,683,13841,25351462,5.45964568,76054.386,62213.386,20.26500732,3070
28,Gujarat,1770,385,44,37,2236,41129,60439692,6.804965187,181319.076,140190.076,18.39400716,7622
9,Goa,31,4,2,3,40,2666,1458545,18.27848986,4375.635,1709.635,66.65,26
25,Delhi,534,25,9,47,615,20572,16787941,12.25403401,50363.823,29791.823,33.4504065,891
1,Daman and Diu,4,2,,2,8,298,243247,12.2509219,729.741,431.741,37.25,12
2,Dadra and Nagar Haveli,9,2,1,1,13,568,343709,16.52560742,1031.127,463.127,43.69230769,11
20,Chhattisgarh,813,166,12,32,1023,14354,25545198,5.619059989,76635.594,62281.594,14.03128055,4439
10,Chandigarh,40,2,1,4,47,3756,1055450,35.58671657,3166.35,-589.65,79.91489362,-7
23,Bihar,2007,63,33,43,2146,17796,104099452,1.709519086,312298.356,294502.356,8.292637465,35514
24,Assam,1007,166,14,33,1220,19115,31205576,6.125507826,93616.728,74501.728,15.66803279,4755
7,Arunachal Pradesh,122,62,,15,199,2320,1383727,16.76631301,4151.181,1831.181,11.65829146,157
33,Andhra Pradesh,1417,198,31,20,1666,60799,49386799,12.31077965,148160.397,87361.397,36.4939976,2394
4,Andaman and Nicobar Islands,27,4,,3,34,1246,380581,32.73941684,1141.743,-104.257,36.64705882,-3
36,All India,"29,899","5,568","1,255","1,003",37725,739024,1210899985,6.103096946,3632699.955,2893675.955,19.58976806,147714
